iso_code,family,name,latitude,longitude
axb,guai1249,Abipon,-29.0,-61.0
tpx,otom1299,Acatepec Me'phaa,17.1034,-99.0602
aca,araw1281,Achagua,4.38649,-72.2005
guq,tupi1275,Aché,-25.5865,-56.4697
acr,maya1287,Achi,15.073,-90.3513
acc,book1242,"Achi', Cubulco",,
acv,pala1350,Achumawi,41.0979,-121.191
acu,jiva1245,Achuar-Shiwiar,-2.82646,-77.2641
acs,nucl1710,Acroá,-12.20318,-45.08975
afs,indo1319,Afro-Seminole Creole,31.7843,-99.2934
avo,unat1236,Agavotaguerra,-13.29849,-53.43936
aga,unat1236,Aguano,-5.25,-75.8333
agu,maya1287,Aguacateco,15.3307,-91.3153
agr,jiva1245,Aguaruna,-5.30044,-77.9218
aht,atha1245,Ahtena,61.7068,-144.889
cpc,araw1281,Ajyíninka Apurucayali,-9.82364,-74.61947
ake,cari1283,Akawaio-Ingariko,6.16277,-60.862
aqz,tupi1275,Akuntsu,-12.8322,-60.9716
ako,cari1283,Akurio,3.19607,-55.6294
akz,musk1252,Alabama,30.76738,-94.62848
mim,otom1299,Alacatlatzala Mixtec,17.25,-98.58
apv,unat1236,Alapmunte,-12.329886,-59.996702
lsc,sign1238,Albarradas Sign Language,17.06144,-96.29642
xta,otom1299,Alcozauca Mixtec,17.3687,-98.3969
ale,eski1264,Aleut,52.1228,-174.29
alq,algi1248,Algonquin,47.3876,-77.5258
zaq,otom1299,Aloápam Zapotec,17.4137,-96.7438
amc,pano1259,Amahuaca,-10.2012,-72.3208
ama,tupi1275,Amanayé,-3.79772,-48.6613
amr,hara1260,Amarakaeri,-12.4931,-70.5533
zpo,otom1299,Amatlán Zapotec,16.2707,-96.4003
qva,quec1387,Ambo-Pasco Quechua,-10.5138,-76.1135
ase,sign1238,American Sign Language,33.8117,-81.6121
mbz,otom1299,Amoltepec Mixtec,16.6521,-97.4518
adw,tupi1275,Amundava,-9.04023,-62.3064
aan,tupi1275,Anambé,-2.71119,-49.303
anb,zapa1251,Andoa,-3.29664,-76.6056
aqt,leng1261,Angaité,-22.85,-58.45
tnd,chib1249,Angosturas Tunebo,6.54198,-71.9212
ans,choc1280,Anserma,6.24999,-76.05
aig,indo1319,Antigua and Barbuda Creole English,17.068263,-61.821863
xap,musk1252,Apalachee,30.118,-84.416
apy,cari1283,Apalaí,1.49792,-54.7457
mip,otom1299,Apasco-Apoala Mixtec,17.6143,-97.0657
api,tupi1275,Apiaká,-7.84711,-57.91
apn,nucl1710,Apinayé,-6.10774,-47.6315
apu,araw1281,Apurinã,-8.21692,-66.7714
arl,zapa1251,Arabela,-1.96126,-75.0612
xrt,uncl1493,Aranama,28.65425,-97.38526
aro,pano1259,Araona,-12.4242,-67.7293
arp,algi1248,Arapaho,43.3879,-108.81
arj,tuca1253,Arapaso,0.13727,-67.7282
awt,tupi1275,Araweté,-4.90246,-52.5001
arw,araw1281,Lokono,5.64295,-56.9243
qxu,quec1387,Arequipa-La Unión Quechua,-15.1806,-72.6333
aed,sign1238,Argentine Sign Language,-34.797,-59.1798
arh,chib1249,Arhuaco,10.7018,-73.6363
ari,cadd1255,Arikara,45.0,-100.0
ait,tupi1275,Arikem,-8.924,-63.742
ark,nucl1710,Arikapú,-12.4878,-62.7261
aoh,unat1236,Arma,2.03332,-76.0
arx,tupi1275,Aruá (Rondonia State),-12.1186,-62.4357
aru,araw1282,Arawá (Amazonas State),-5.5,-67.98
cni,araw1281,Asháninka,-11.9311,-73.9073
prq,araw1281,Ashéninka Perené,-10.9777,-74.9153
cjo,araw1281,Ashéninka Pajonal,-10.7583,-74.2014
asb,siou1252,Assiniboine,49.2923,-106.068
zoo,otom1299,Asunción Mixtepec Zapotec,16.8762,-96.8704
mib,otom1299,Atatláhuca Mixtec,17.07133,-97.67753
atj,algi1248,Atikamekw,47.9555,-73.7989
aox,araw1281,Atorada,2.481,-60.286
atc,pano1259,Atsahuaca,-14.1666,-69.5
atw,pala1350,Atsugewi,40.4271,-120.661
ocu,otom1299,Atzingo Matlatzinca,19.3871,-99.9239
aux,tupi1275,Aurê y Aurá,-4.137,-46.792
avs,zapa1251,Aushiri,-3.3196,-74.5411
avv,tupi1275,Avá-Canoeiro,-13.6081,-48.1336
kwi,barb1265,Awa-Cuaiquer,1.21652,-78.3401
awe,tupi1275,Awetí,-12.381944,-53.391944
quy,quec1387,Ayacucho Quechua,-13.84714,-74.32246
vmy,otom1299,Ayautla Mazatec,18.0993,-96.5952
zaf,otom1299,Ayoquesco Zapotec,16.6633,-96.8575
ayo,zamu1243,Ayoreo,-19.220055,-60.217495
miy,otom1299,Ayutla Mixtec,16.96667,-99.0967
tpc,otom1299,Azoyú Me'phaa,16.7584,-98.5241
bcr,atha1245,Witsuwit'en-Babine,55.0997,-126.41
bah,indo1319,Bahamas Creole English,25.032149,-77.390587
bjs,indo1319,Bajan,13.1365,-59.5346
bkq,cari1283,Bakairí,-14.2628,-54.7034
bvv,araw1281,Avane,5.26123,-67.5633
bwi,araw1281,Baniwa do Icana,2.17859,-67.7704
bsn,tuca1253,Barasana-Eduria,0.02193,-70.808
bpb,unat1236,Barbacoas,1.5206,-78.4834
boi,chum1262,Barbareño,34.462,-119.699
bae,araw1281,Baré,1.91649,-66.828
mot,chib1249,Barí,9.08497,-72.9353
tbn,chib1249,Barro Negro Tunebo,6.12622,-72.044
brg,araw1281,Baure,-13.61,-63.68
mkq,miwo1274,Bay Miwok,37.784,-122.419
bea,atha1245,Beaver,56.7984,-120.352
bzj,indo1319,Belize Kriol English,17.3941,-88.6281
blc,sali1255,Bella Coola,52.3448,-126.689
brc,indo1319,Berbice Creole Dutch,5.3829,-58.0002
bll,siou1252,Biloxi,31.32,-89.1951
bvl,sign1238,Bolivian Sign Language,-16.38949,-67.57823
boa,bora1262,Bora,-2.000259,-72.257066
kvn,chib1249,Border Kuna,7.92993,-77.1664
bor,boro1281,Bororo,-16.6029,-55.2004
brn,chib1249,Boruca,8.88093,-83.2124
bzs,sign1238,Brazilian Sign Language,-15.5,-48.0
bzd,chib1249,Bribri,9.39794,-83.0539
rib,sign1238,Bribri Sign Language,9.4,-83.05
rnb,sign1238,Brunca Sign Language,9.978549,-84.821363
sab,chib1249,Buglere,8.57695,-81.25648
cjp,chib1249,Cabécar,9.67031,-83.4102
cbb,araw1281,Cabiyarí,0.16101,-71.0622
ccr,misu1242,Cacaopera,13.7437,-88.1133
miu,otom1299,Cacaloxtepec Mixtec,17.7248,-97.7637
cbv,kaku1242,Kakua,0.88778,-69.5659
cad,cadd1255,Caddo,33.33,-93.5
ccd,indo1319,Cafundo,-23.0448,-43.6455
cbh,book1242,Cagua,3.99999,-74.0
chl,utoa1244,Cahuilla,33.5324,-116.691
cah,zapa1251,Cahuarano,-3.72665,-73.9469
qvc,quec1387,Cajamarca Quechua,-7.09314,-78.3214
qvl,quec1387,Cajatambo North Lima Quechua,-10.4126,-76.9602
zad,otom1299,Cajonos Zapotec,17.1427,-96.3352
frc,indo1319,Louisiana French,29.6869,-91.6133
ckz,maya1287,Kakchikel-K'iche' Mixed Language,14.6467,-90.6989
qud,quec1387,Calderón Highland Quichua,-0.36205,-78.2587
caw,spee1234,Callawalla,-15.88451,-68.10176
qxr,quec1387,Cañar-Azuay-South Chimborazo Highland Quichua,-2.48314,-78.9672
ram,nucl1710,Central-Southern Timbira,-6.10712,-45.1299
kaq,pano1259,Capanahua,-6.63254,-74.3813
cot,araw1281,Caquinte,-11.4812,-73.4451
cby,uncl1493,Carabayo,-1.7922,-69.9099
crf,choc1280,Caramanta,5.624,-75.877
cbc,tuca1253,Carapana,0.06168,-69.6465
hns,indo1319,Caribbean Hindustani,5.722918,-55.333168
jvn,aust1307,Caribbean Javanese,5.62695,-54.6305
cbd,cari1283,Carijona,1.21894,-72.0664
crr,algi1248,Carolina Algonquian,35.979,-77.291
crx,atha1245,Central Carrier,54.3768,-124.328
cbr,pano1259,Cashibo-Cacataibo,-8.70232,-75.4206
cbs,pano1259,Cashinahua,-9.72027,-71.1733
chc,siou1252,Catawba,34.9685,-80.8857
cca,book1242,Cauca,2.09246,-75.87725
cav,pano1259,Cavineña,-13.3544,-66.6277
cay,iroq1247,Cayuga,42.41,-76.5969
esu,eski1264,Central Alaskan Yupik,60.3062,-161.486
tar,utoa1244,Central Tarahumara,27.5648,-107.154
nhn,utoa1244,Tlaxcala-Puebla-Central Nahuatl,19.1248,-98.3002
ncx,utoa1244,Central Puebla Nahuatl,18.7545,-98.1264
nch,utoa1244,Central Huasteca Nahuatl,21.0963,-98.4356
ojc,algi1248,Central Ojibwa,46.5741,-84.1543
poo,pomo1273,Central Pomo,38.90547,-123.66393
csm,miwo1274,Central Sierra Miwok,38.0812,-120.257
ayr,ayma1253,Central Aymara,-17.0,-68.5
maz,otom1299,Central Mazahua,19.7357,-100.018
pbs,otom1299,Central Pame,21.3762,-99.2898
tuf,chib1249,Central Tunebo,6.8867,-72.097
cbi,barb1265,Cha'palaa,0.71489,-79.0508
quk,quec1387,Chachapoyas Quechua,-6.27021,-77.6615
cao,pano1259,Chácobo,-12.133,-66.7164
ciy,cari1283,Chaima,9.21256,-63.1034
ceg,zamu1243,Chamacoco,-20.5899,-58.2005
ccc,araw1281,Chamicuro,-5.1149,-75.6778
caj,araw1281,Chané,-18.186,-62.638
cbt,cahu1265,Shawi,-5.63764,-76.8252
mih,otom1299,Chayuco Mixtec,16.42,-97.83
xtb,otom1299,Chazumba Mixtec,18.1541,-97.7873
chr,iroq1247,Cherokee,35.4664,-83.163
ctc,book1242,Chetco,42.6864,-124.376
chy,algi1248,Cheyenne,45.5321,-106.659
cip,otom1299,Chiapanec,16.6562,-91.9417
chb,chib1249,Chibcha,6.24999,-74.1666
cic,musk1252,Chickasaw,34.0,-88.0
cob,maya1287,Chicomuceltec,15.6078,-91.2869
pei,otom1299,Chichimeca-Jonaz,21.2943,-100.524
trs,otom1299,Chicahuaxtla Triqui,17.1628,-97.8547
zpv,otom1299,Chichicapan Zapotec,16.8459,-96.5486
mii,otom1299,Chigmecatitlán Mixtec,18.6303,-98.1046
csg,sign1238,Chilean Sign Language,-32.781,-70.6698
clc,atha1245,Chilcotin-Nicola,51.98952,-123.24458
csa,otom1299,Chiltepec Chinantec,18.0606,-96.2183
cqu,book1242,Chilean Quechua,-23.7036,-67.7604
zoh,mixe1284,Chimalapa Zoque,16.6543,-94.6913
qug,quec1387,Bolivar-North Chimborazo Highland Quichua,-1.36727,-78.8521
cbg,chib1249,Chimila,10.1902,-74.2559
xch,chim1311,Chimakum,47.91457,-123.139145
chn,chin1490,Creolized Grand Ronde Chinook Jargon,55.0,-125.0
chh,chin1490,Clatsop-Shoalwater Chinook,46.39132,-123.9249
qxc,quec1387,Chincha Quechua,-12.85,-75.649
cbe,book1242,Chipiajes,3.08332,-71.1667
ciw,algi1248,Chippewa,47.347,-94.2738
chp,atha1245,Chipewyan,58.98,-104.44
cap,uruc1242,Chipaya,-18.73951,-67.89633
cax,chiq1253,Lomeriano-Ignaciano Chiquitano,-16.769554,-61.817795
qxa,quec1387,Chiquián Ancash Quechua,-10.1831,-77.4152
maq,otom1299,Chiquihuitlán Mazatec,18.0541,-96.6659
nhd,tupi1275,Chiripá,-25.6521,-55.051
zpc,otom1299,Choapan Zapotec,17.4371,-95.8656
cho,musk1252,Choctaw,32.25,-88.5
coz,otom1299,Chochotec,17.666,-97.2388
ctu,maya1287,Chol,17.4897,-92.4698
cht,hibi1242,Cholón,-9.23129,-75.9621
cti,book1242,"Chol, Tila",17.49,-92.47
caa,maya1287,Ch'orti',14.818,-89.2363
cjr,book1242,Chorotega,10.8154,-85.1228
cac,maya1287,Chuj,15.8399,-91.76
cnm,book1242,"Chuj, Ixtatán",,
chs,book1242,Chumash,,
cin,tupi1275,Cinta Larga,-10.5879,-60.8312
clm,sali1255,Clallam,48.0707,-123.511
nci,utoa1244,Classical Nahuatl,19.72,-96.97
qwc,quec1387,Classical Quechua,-9.99999,-76.5
csi,miwo1274,Coast Miwok,38.3285,-122.994
mco,mixe1284,Coatlán Mixe,16.9404,-95.4659
naz,utoa1244,Coatepec Nahuatl,18.32,-99.7114
miz,otom1299,Coatzospan Mixtec,18.048748,-96.763633
zps,otom1299,Coatlán Zapotec,16.1463,-96.7683
zca,otom1299,Coatecas Altas Zapotec,16.5609,-96.7336
cod,tupi1275,Cocama-Cocamilla,-4.5,-74.0
coj,coch1271,Cochimi,29.04,-114.077
coc,coch1271,Cocopa,32.376,-114.848
crd,sali1255,Coeur d'Alene,47.2958,-116.715
kog,chib1249,Cogui,10.9485,-73.8043
csn,sign1238,Colombian Sign Language,5.33532,-75.4464
gct,indo1319,Colonia Tovar German,10.4853,-67.2579
cof,barb1265,Tsafiki,-0.21181,-79.2347
col,sali1255,Columbia-Wenatchi,48.217,-118.454
com,utoa1244,Comanche,34.0,-101.0
cco,otom1299,Comaltepec Chinantec,17.5909,-96.445
coo,sali1255,Comox,49.7233,-124.967
csz,coos1248,Hanis,43.4413,-124.16
zoc,mixe1284,Central-South Chiapas Zoque,17.2157,-93.3183
trc,otom1299,Copala Triqui,17.1541,-97.9826
coq,atha1245,Coquille,44.5177,-119.605
qwa,quec1387,Corongo Ancash Quechua,-8.57647,-77.9864
xxr,nucl1710,Koropó,-21.3907,-42.716
csr,sign1238,Costa Rican Sign Language,9.8943,-84.118
cow,sali1255,Cowlitz,46.4167,-122.917
kox,book1242,Coxima,6.08332,-72.0833
coy,book1242,Coyaima,11.3333,-73.0
pbf,otom1299,Coyotepec Popoloca,18.3814,-97.6258
toc,toto1251,Coyutla Totonac,20.5447,-97.6852
mus,musk1252,Creek,31.0,-87.5
gyn,indo1319,Guyanese Creole English,9.0,-62.0
cro,siou1252,Crow,45.368,-107.874
crz,chum1262,Cruzeño,34.0465,-119.864
csf,sign1238,Cuba Sign Language,22.061,-79.209
cub,tuca1253,Cubeo,1.32382,-70.1939
cui,guah1252,Cuiba,6.19829,-69.8197
cul,araw1282,Culina,-8.55268,-70.6648
cuo,cari1283,Cumanagoto,10.209,-63.018
cum,book1242,Cumeral,2.83332,-69.5
cup,utoa1244,Cupeño,33.3148,-116.515
kpc,araw1281,Curripaco,0.69618,-67.5028
quz,quec1387,Cusco Quechua,-14.0853,-71.7663
xtu,otom1299,Cuyamecalco Mixtec,18.0821,-96.7314
dak,siou1252,Dakota,45.86,-96.58
kwa,nada1235,Dâw,-0.1177,-67.2934
ing,atha1245,Degexit'an,62.0697,-160.044
dny,araw1282,Deni,-6.74962,-67.5029
des,tuca1253,Desano,0.58157,-69.4955
dtd,waka1280,Ditidaht,48.67,-124.75
xtd,otom1299,Diuxi-Tilantongo Mixtec,17.3596,-97.3861
jbt,nucl1710,Djeoromitxí,-12.038,-64.6694
dgr,atha1245,Dogrib,63.17,-117.25
doq,sign1238,Dominican Sign Language,18.8798,-71.1722
kee,kere1287,Eastern Keres,35.5216,-106.453
ike,eski1264,Eastern Canadian Inuktitut,62.1735,-75.6139
nhe,utoa1244,Eastern Huasteca Nahuatl,21.0639,-97.9077
ojg,algi1248,Eastern Ojibwa,45.0112,-79.7503
aaq,algi1248,Eastern Abenaki,45.0112,-68.6617
peb,pomo1273,Eastern Pomo,38.5647,-122.586
qve,quec1387,Eastern Apurímac Quechua,-14.1754,-72.6686
gui,tupi1275,Eastern Bolivian Guaraní,-20.42,-63.37
otm,otom1299,Eastern Highland Otomi,20.5991,-98.0978
cly,otom1299,Eastern Highland Chatino,16.2437,-97.1526
azd,utoa1244,Eastern Durango Nahuatl,22.676,-104.6259
ecs,sign1238,Ecuadorian Sign Language,-1.24999,-79.1666
zpp,otom1299,El Alto Zapotec,16.8742,-96.9987
crn,utoa1244,El Nayar Cora,22.4099,-104.467
zte,otom1299,Elotepec Zapotec,16.8693,-97.1912
bdc,choc1280,Emberá-Baudó,5.2824,-76.32548
cto,choc1280,Emberá-Catío,7.52721,-76.7476
tdc,choc1280,Emberá-Tadó,5.23658,-77.1533
cmi,choc1280,Emberá-Chamí,4.8791,-76.0749
eme,tupi1275,Teko,3.23694,-52.3699
emo,book1242,Emok,-24.9202,-57.8892
pbh,cari1283,Panare,6.95035,-65.8483
unk,araw1281,Enawené-Nawé,-12.4302,-58.9802
sja,choc1280,Epena,4.25877,-77.3566
emy,maya1287,Epigraphic Mayan,18.993121,-88.768865
ese,pano1259,Ese Ejja,-11.7268,-67.515
ots,otom1299,Estado de México Otomi,19.8781,-99.61
eud,utoa1244,Eudeve,28.5,-110.0
eya,atha1245,Eyak,60.4232,-144.762
tlp,toto1251,Filomeno Mata Totonac,20.1415,-97.5931
zos,mixe1284,Northern Chiapas Zoque,17.3654,-93.3633
gce,atha1245,Galice,42.56343,-123.5854
car,cari1283,Galibi Carib,5.83772,-56.8323
cab,araw1281,Garifuna,15.3529,-86.9091
xgr,come1251,Garza,,
gvo,tupi1275,Gavião Do Jiparaná,-10.7235,-61.6752
git,tsim1258,Gitxsan,55.09,-128.08
gcl,indo1319,Grenadian Creole English,12.0067,-61.6989
ats,algi1248,Gros Ventre,48.4834,-108.738
gcf,indo1319,Guadeloupe-Martinique Creole French,16.304875,-61.405914
guh,guah1252,Sikuani,5.81736,-68.9839
gub,tupi1275,Guajajára,-4.69461,-45.7081
gvj,tupi1275,Guajá,-3.93574,-46.3683
gum,barb1265,Guambiano,2.55849,-76.582
gva,leng1261,Guaná (Paraguay),-21.9803,-58.0654
gvc,tuca1253,Kotiria,1.07554,-69.5705
gqn,araw1281,Kinikinao,-19.1667,-54.0333
gyr,tupi1275,Guarayu,-15.8247,-61.6934
gae,araw1281,Baniva de Maroa,1.80835,-66.922505
gsm,sign1238,Guatemalan Sign Language,14.5034,-90.5667
guo,guah1252,Guayabero,2.8969,-71.844
ngu,utoa1244,Central Guerrero Nahuatl,17.8583,-99.0023
amu,otom1299,Guerrero Amuzgo,16.77226,-98.18953
zpg,otom1299,Guevea De Humboldt Zapotec,16.7312,-95.3641
gcr,indo1319,Guianese Creole French,4.94804,-52.7336
ztu,otom1299,Güilá Zapotec,16.8824,-96.4572
gul,indo1319,Sea Island Creole English,33.6632,-79.6036
gwi,atha1245,Gwich'in,67.4307,-142.963
has,waka1280,Haisla,53.964,-128.602
hvc,uncl1493,Haitian Vodoun Culture Language,18.911,-72.394
hat,indo1319,Haitian,18.795135,-72.136115
hur,sali1255,Halkomelem,49.250402,-122.443668
haa,atha1245,Han,64.5002,-140.352
yuf,coch1271,Havasupai-Walapai-Yavapai,35.6302,-113.385
hei,waka1280,Heiltsuk-Oowekyala,51.7045,-127.221
hib,hibi1242,Hibito,-6.58333,-77.7
hid,siou1252,Hidatsa,47.33,-102.0
chd,tequ1244,Highland Oaxaca Chontal,16.1849,-95.7301
tos,toto1251,Highland Totonac,20.3798,-97.6159
poi,mixe1284,Highland Popoluca,18.198,-94.9109
azz,utoa1244,Highland Puebla Nahuatl,20.1554,-97.5556
hir,unat1236,Himarimã,-6.25217,-64.70047
hix,cari1283,Hixkaryána,-0.16265,-58.80153
win,siou1252,Ho-Chunk,43.5,-88.5
hoi,atha1245,Holikachuk,62.7266,-159.831
hds,sign1238,Honduras Sign Language,14.622,-87.224
hop,utoa1244,Hopi,35.7653,-110.535
hug,hara1260,Huachipaeri,-13.31951,-71.22749
qub,quec1387,Huallaga Huánuco Quechua,-9.57135,-75.594
hub,jiva1245,Huambisa,-3.99109,-77.9797
qvh,quec1387,Huamalíes-Dos de Mayo Huánuco Quechua,-9.15718,-76.3372
var,utoa1244,Huarijio,27.8685,-108.437
hus,maya1287,Huastec,21.6153,-98.5028
hva,book1242,"Huastec, San Luís Potosí",21.34901,-98.22951
hsf,book1242,"Huastec, Southeastern",21.34901,-98.22951
mau,otom1299,Huautla Mazatec,18.2556,-96.724
nhq,utoa1244,Huaxcaleca Nahuatl,18.8989,-96.9537
qwh,quec1387,Huaylas Ancash Quechua,-9.38709,-77.7768
qvw,quec1387,Huaylla Wanca Quechua,-12.1809,-75.2055
tee,toto1251,Huehuetla Tepehua,20.6189,-97.9347
hch,utoa1244,Huichol,21.954,-104.062
huh,arau1255,Huilliche,-40.0694,-72.767
mxs,otom1299,Huitepec Mixtec,16.9476,-97.1236
hup,atha1245,Hupa-Chilula,41.0982,-123.68
jup,nada1235,Hup,0.58622,-69.8359
geh,indo1319,Hutterite German,40.0,-97.0
iap,book1242,Iapama,0.97588,-53.3269
ign,araw1281,Ignaciano,-15.1188,-65.3993
txi,cari1283,Ikpeng,-11.37822,-53.49553
qvi,quec1387,Imbabura Highland Quichua,0.31776,-78.3729
inp,araw1281,Iñapari,-12.46525,-69.30827
inz,chum1262,Ineseño,34.6169,-120.08
inb,quec1387,Colombian Inga,1.00313,-76.8606
iks,sign1238,Inuit Sign Language,63.748611,-68.519722
iow,siou1252,Iowa-Oto,40.0511,-95.5213
azm,otom1299,Ipalapa Amuzgo,16.5053,-98.0129
iqu,zapa1251,Iquito,-3.31233,-73.97046
isc,pano1259,Isconahua,-7.75236,-74.5193
crb,araw1281,Island Carib,15.364795,-61.342957
mir,mixe1284,Isthmus Mixe,16.9481,-95.0681
nhk,utoa1244,Isthmus-Cosoleacaque Nahuatl,17.9401,-94.7347
nhp,utoa1244,Isthmus-Pajapan Nahuatl,18.2513,-94.6647
nhx,utoa1244,Isthmus-Mecayapan Nahuatl,18.2,-94.7547
zai,otom1299,Isthmus Zapotec,16.4548,-94.8444
ite,chap1271,Itene,-12.2994,-64.9841
mce,otom1299,Itundujia Mixtec,16.77876,-97.59753
itz,maya1287,Itza',17.0269,-89.8734
ixc,otom1299,Ixcatec,17.7597,-97.1242
mzi,otom1299,Ixcatlán Mazatec,18.1531,-96.5719
ixl,maya1287,Ixil,15.4569,-90.8935
ixj,maya1287,Ixil Chajul,15.46,-90.89
ixi,maya1287,Ixil Nebaj,15.46,-90.89
vmj,otom1299,Ixtayutla Mixtec,16.5774,-97.5759
otz,otom1299,Ixtenco Otomi,19.2146,-98.0272
crt,mata1289,Riverine Chorote,-22.1896,-63.2383
crq,mata1289,Forest Chorote,-22.2067,-62.6508
jai,book1242,"Jakalteko, Western",,
maj,otom1299,Jalapa De Díaz Mazatec,18.0803,-96.4977
jcs,sign1238,Jamaican Country Sign Language,18.04993,-77.75804
jaa,araw1282,Madi,-7.62223,-66.5662
jam,indo1319,Jamaican Creole English,18.13,-77.2612
jls,sign1238,Jamaican Sign Language,17.99968,-76.93205
mxt,otom1299,Jamiltepec Mixtec,16.2279,-97.8417
jru,cari1283,Japrería,10.5523,-72.7101
jqr,ayma1253,Jaqaru,-12.741939,-75.809231
qxw,quec1387,Jauja Wanca Quechua,-11.6747,-75.2786
jeb,cahu1265,Jebero,-5.40317,-76.4103
tow,kiow1265,Towa,35.5994,-106.766
apj,atha1245,Jicarilla Apache,36.8079,-107.007
jor,tupi1275,Jorá,-15.7492,-63.2094
jua,tupi1275,Júma,-7.27501,-64.0998
inj,quec1387,San Andrés-Lowland Inga,0.88872,-76.6593
mxq,mixe1284,Juquila Mixe,16.8912,-95.8484
jur,tupi1275,Yudja,-10.9354,-53.3472
vmc,otom1299,Juxtlahuaca Mixtec,17.3518,-98.0146
xbx,book1242,Kabixí,-14.2403,-58.9931
kbc,guai1249,Kadiwéu,-19.7222,-57.582
xai,uncl1493,Kaimbé,-10.4795944,-39.0262926
kgp,nucl1710,Kaingang,-27.7671,-52.5394
kgk,tupi1275,Kaiwá,-24.589,-54.6815
kbf,book1242,Kakauhua,-39.0488,-72.3228
kal,eski1264,Kalaallisut,69.3761,-52.864
kyl,kala1402,Central Kalapuya,44.9861,-123.925
fla,sali1255,Kalispel-Pend d'Oreille,47.5825,-114.19
vkm,kama1371,Kamakan,-15.0,-41.0
kay,tupi1275,Kamayurá,-12.2661,-53.4651
xbw,uncl1493,Kambiwá,-8.6093993,-36.5993292
xba,book1242,Kamba (Brazil),-18.8333,-57.3333
knm,katu1274,Katukína-Kanamarí,-6.45399,-68.7678
ksk,siou1252,Kansa,39.0,-94.4
xpn,uncl1493,Kapinawá,-8.49999,-38.3333
cak,maya1287,Kaqchikel,14.4662,-90.9881
cbm,book1242,"Kaqchikel, Yepocapa Southwestern",14.47,-90.99
ckd,book1242,"Kaqchikel, South Central",14.47,-90.99
cke,book1242,"Kaqchikel, Eastern",14.47,-90.99
ckf,book1242,"Kaqchikel, Southern",14.47,-90.99
ckc,book1242,"Kaqchikel, Northern",14.47,-90.99
cki,book1242,"Kaqchikel, Santa María de Jesús",14.47,-90.99
ckk,book1242,"Kaqchikel, Akatenango Southwestern",14.47,-90.99
ckj,book1242,"Kaqchikel, Santo Domingo Xenacoj",14.47,-90.99
ckw,book1242,"Kaqchikel, Western",14.47,-90.99
xkh,unat1236,Karahawyana,-1.29991,-57.8716
kpj,nucl1710,Karajá,-11.1881,-50.3492
kzw,uncl1493,Karirí-Xocó,-9.84999,-36.3333
kmv,indo1319,Uaçá Creole French,3.42825,-51.6888
kgm,book1242,Karipuna do Amapa,-2.92,-52.42
ktn,tupi1275,Karitiâna,-9.37937,-64.1522
kuq,tupi1275,Karipúna,-10.2006,-64.2807
krb,miwo1274,Karkin,38.01944,-122.13417
arr,tupi1275,Karo (Brazil),-10.3342,-61.5691
kju,pomo1273,Kashaya,38.5424,-123.08
kkz,atha1245,Kaska,61.0,-130.0
xat,katu1274,Katawixi,-7.25015,-64.8319
ktw,atha1245,Kato,39.7002,-123.432
xaw,utoa1244,Kawaiisu,36.0538,-118.679
ktx,pano1259,Kaxararí,-9.47288,-66.3329
kbb,cari1283,Kaxuiâna,2.17138,-55.9101
kyz,tupi1275,Kayabí,-11.2747,-55.5479
txu,nucl1710,Mebengokre,-7.77352,-51.6737
kek,maya1287,Q'eqchi',15.3788,-89.2452
kpn,tupi1275,Kepkiriwát,-11.663,-61.246
quc,maya1287,K'iche',14.5278,-91.1696
qxi,book1242,"K'iche', San Andrés",,
cun,book1242,"K'iche', Cunén",,
quu,book1242,"K'iche', Eastern",,
qut,book1242,"K'iche', West Central",,
quj,book1242,"K'iche', Joyabaj",,
kic,algi1248,Kickapoo,41.655145,-89.03034
klb,coch1271,Kiliwa,30.5471,-115.123
apk,atha1245,Kiowa Apache,34.9077,-98.2461
kio,kiow1265,Kiowa,34.9403,-98.9042
kii,cadd1255,Kitsai,31.83,-96.5
tlh,arti1236,Klingon,,
cku,musk1252,Koasati,30.4096,-92.709
coe,tuca1253,Koreguaje,0.92316,-75.3475
xor,pano1259,Korubo,-5.3655,-70.5094
avk,arti1236,Kotava,,
koy,atha1245,Koyukon,65.6093,-154.229
xra,nucl1710,Krahô,-8.01172,-47.5774
kqq,nucl1710,Borum,-18.9988,-41.2299
xre,nucl1710,Northeastern Timbira,-4.199179,-44.8295387
xri,nucl1710,Pykobjê,-5.94252,-46.7504
kui,cari1283,Kuikúro-Kalapálo,-12.3035,-53.2261
xpk,pano1259,Kulina Pano,-6.17715,-72.0438
dih,coch1271,Tipai,32.331,-116.604
kyr,tupi1275,Kuruáya,-7.30696,-55.17252
kwk,waka1280,Kwak'wala,50.9269,-127.308
qwt,atha1245,Kwalhioqua-Clatskanie,46.111979,-123.209332
kww,indo1319,Kwinti,5.1323,-56.1266
ldn,arti1236,Láadan,,
lac,maya1287,Lacandon,17.02093,-91.42348
zpl,otom1299,Lachixío Zapotec,16.7215,-96.9318
zpa,otom1299,Lachiguiri Zapotec,16.5772,-95.5367
lmw,miwo1274,Lake Miwok,39.0021,-122.621
lkt,siou1252,Lakota,46.3699,-103.95
lkd,namb1299,Lakondê,-13.2,-60.5
cnl,otom1299,Lalana Chinantec,17.58251,-96.00645
quf,quec1387,Lambayeque Quechua,-6.1715,-79.468
ztl,otom1299,Lapaguía-Guivini Zapotec,16.0676,-96.1636
zcd,otom1299,Las Delicias Zapotec,,
ltn,namb1299,Latundê,-12.608792,-60.422423
lre,iroq1247,Laurentian,45.33,-72.5
cle,otom1299,Lealao Chinantec,17.3162,-95.9265
lil,sali1255,Lillooet,50.7272,-122.04
qlm,indo1319,Limonese Creole,9.957414,-83.0905
lfn,arti1236,Lingua Franca Nova,,
apl,atha1245,Lipan Apache,29.93117,-98.94286
qvj,quec1387,Loja Highland Quichua,-3.69352,-79.29151
jbo,arti1236,Lojban,,
spq,indo1319,Peruvian Amazonian Spanish,-4.74563,-73.6507
lou,indo1319,Louisiana Creole French,30.0412,-90.7475
xlo,algi1248,Nipmuck,42.364,-72.731
xlb,algi1248,Loup B,42.17888,-72.85251
taa,atha1245,Lower Tanana,64.8834,-149.451
cea,sali1255,Lower Chehalis,46.7736,-124.004
clo,tequ1244,Lowland Oaxaca Chontal,15.9497,-95.6876
tac,utoa1244,Western Tarahumara,27.3512,-108.0559
ztp,otom1299,Loxicha Zapotec,15.8442,-96.6997
luq,atla1278,Lucumi,22.9514,-82.441
lui,utoa1244,Luiseno-Juaneño,33.3184,-116.939
lmz,unat1236,Lumbee,35.6171,-78.4531
lut,sali1255,Northern Lushootseed,48.42,-122.529
mbn,guah1252,Hitnu,6.34582,-71.2671
mca,mata1289,Maká,-25.0119,-57.3694
mcl,tuca1253,Macaguaje,0.49999,-75.8333
mcb,araw1281,Machiguenga,-12.1291,-72.5017
mpd,araw1281,Machinere,-10.661655,-70.208108
wpc,sali1297,Maco,4.5621,-66.5813
mbc,cari1283,Macushi,4.31861,-60.2209
myy,tuca1253,Macuna,-0.14459,-70.0749
xtm,otom1299,Magdalena Peñasco Mixtec,17.2837,-97.5413
mjy,algi1248,Mahican,42.587,-73.788
myh,waka1280,Makah,48.3258,-124.616
mpu,tupi1275,Makuráp,-11.8701,-64.3201
mbp,chib1249,Malayo,10.9286,-73.4056
pqm,algi1248,Malecite-Passamaquoddy,45.494475,-67.40805
gut,chib1249,Maléku Jaíka,10.7485,-84.7318
tcf,otom1299,Malinaltepec Me'phaa,17.2122,-98.6322
wmd,namb1299,Mamaindé,-12.986439,-60.101072
mvc,book1242,"Mam, Central",,
mam,maya1287,Mam,14.8034,-91.7231
mms,book1242,"Mam, Southern",,
mpf,book1242,"Mam, Tajumulco",,
mvj,book1242,"Mam, Todos Santos Cuchumatán",,
emm,come1251,Mamulique,,
mhq,siou1252,Mandan,46.83,-101.0
mht,araw1281,Mandahuaca,1.48,-66.52
mpw,araw1281,Mapidian-Mawayana,1.190187,-58.585983
mcg,cari1283,Mapoyo,5.96952,-67.2581
arn,arau1255,Mapudungun,-38.7392,-71.277
mch,cari1283,Ye'kwana,4.70705,-64.3877
qvm,quec1387,Margos-Yarowilca-Lauricocha Quechua,-9.84463,-76.4981
nsr,sign1238,Maritime Sign Language,45.0427,-63.881
mrc,coch1271,Maricopa,33.5123,-111.749
msp,tupi1275,Manitsauá,-11.5833,-53.9667
mre,sign1238,Martha's Vineyard Sign Language,41.414542,-70.625275
mzr,pano1259,Marúbo,-6.60703,-72.4027
cuj,araw1281,Mashco Piro,-11.4745,-70.7953
mhh,book1242,Maskoy Pidgin,-22.234,-61.901
mtn,misu1242,Matagalpa,13.0333,-86.0
mzo,cari1283,Matipuhy,-12.0456,-53.3994
mpq,pano1259,Matís,-4.3553,-70.2079
mcf,pano1259,Matsés,-5.73914,-72.6281
mvb,atha1245,Mattole-Bear River,40.4321,-122.863
mzx,book1242,Mawayana,1.98815,-58.5046
mbl,nucl1710,Maxakalí,-16.9402,-40.7891
yan,misu1242,Mayangna,14.1259,-84.3439
yus,book1242,"Maya, Chan Santa Cruz",,
mfy,utoa1244,Mayo,26.4522,-108.981
mzl,mixe1284,Mazatlán Mixe,17.0156,-95.2833
zpy,otom1299,Mazaltepec Zapotec,17.1547,-96.8791
vmz,otom1299,Mazatlán Mazatec,18.0829,-96.8889
gun,tupi1275,Mbyá Guaraní,-26.0188,-52.711
mue,mixe1287,Media Lengua,-1.04518,-78.5392
mmh,araw1281,Mehináku,-12.5364,-53.521
mez,algi1248,Menominee,44.9794,-88.6395
apm,atha1245,Mescalero-Chiricahua Apache,33.1291,-105.566
sac,algi1248,Meskwaki,44.0,-89.0
mxv,otom1299,Metlatónoc Mixtec,17.1947,-98.35138
mfs,sign1238,Mexican Sign Language,19.75,-98.5
pbe,otom1299,Mezontla Popoloca,18.1442,-97.5879
ote,otom1299,Mezquital Otomi,20.2274,-99.5564
zam,otom1299,Cuixtla-Xitla Zapotec,16.2197,-96.6647
mia,algi1248,Miami,40.0,-90.0
xmi,unat1236,Miarrã,-12.5,-53.42
crg,algi1248,Heritage Michif,49.1681,-99.9119
ncl,utoa1244,Michoacán Nahuatl,18.3412,-103.361
mmc,otom1299,Michoacán Mazahua,19.7239,-100.293
mik,musk1252,Mikasuki,31.5,-84.0
mic,algi1248,Mi'kmaq,46.0,-64.0
iml,coos1248,Miluk,43.3215,-124.258
hto,huit1251,Minica Huitoto,-1.54535,-73.1107
mmv,tuca1253,Miriti,0.58896,-69.7432
miq,misu1242,Mískito,15.1576,-84.2942
vmm,otom1299,Mitlatongo Mixtec,17.16,-97.1757
zaw,otom1299,Mitla Zapotec,16.86849,-96.29434
mix,otom1299,Mixtepec Mixtec,17.3317,-97.8791
zpm,otom1299,Mixtepec Zapotec,16.1724,-96.2372
mod,pidg1258,Mobilian,30.47,-91.75
mhc,maya1287,Mocho,15.4538,-92.1734
moc,guai1249,Mocoví,-28.097,-60.4145
mov,coch1271,Mohave,34.8866,-114.599
moh,iroq1247,Mohawk,43.72,-74.66836
mof,algi1248,Mohegan-Montauk-Narragansett,41.8581,-72.1701
mom,otom1299,Mangue,13.5343,-85.1746
mnr,utoa1244,Mono (USA),37.1935,-119.347
moe,algi1248,Montagnais,49.0533,-68.7376
crm,algi1248,Moose Cree,51.0686,-80.6912
mop,maya1287,Mopan,16.3533,-89.0673
nhm,utoa1244,Morelos Nahuatl,18.9161,-99.1322
xmo,unat1236,Morerebi,-8.66822,-61.3858
bmr,bora1262,Muinane,-0.8652,-72.4249
myu,tupi1275,Mundurukú,-8.41095,-57.691
umu,algi1248,Munsee,41.11,-74.17
huu,huit1251,Murui Huitoto,-1.13669,-73.8331
css,miwo1274,Mutsun,36.84721,-121.44911
mbj,nada1235,Nadëb,-1.24449,-66.3068
nnt,algi1248,Nanticoke,39.67781,-74.98648
cox,araw1281,Nanti,-12.1018,-72.3507
qvo,quec1387,Napo Lowland Quechua,-0.072525,-76.3889
xnt,algi1248,Narrangansett,,
nsk,algi1248,Naskapi,55.9316,-61.1318
nts,book1242,Natagaimas,4.16665,-75.0333
nav,atha1245,Navajo,36.33,-109.38
nwa,algi1248,Nawathinehena,41.316,-104.45
njt,pidg1258,Ndyuka-Trio Pidgin,2.94789,-56.0182
djk,indo1319,Aukan,4.3126,-54.6419
dcr,indo1319,Virgin Islands Dutch Creole,18.3416,-64.8922
nez,saha1239,Nez Perce,46.3073,-116.408
gym,chib1249,Ngäbere,8.8251,-82.3911
yrl,tupi1275,Nhengatu,1.04503,-66.9646
ncs,sign1238,Nicaraguan Sign Language,12.2509,-86.3399
bzk,indo1319,Nicaragua Creole English,12.4402,-83.7386
shb,yano1268,Ninam,4.03894,-62.7801
nsz,maid1262,Nisenan,38.047,-120.393
ncg,tsim1258,Nisga'a,55.199,-129.192
cag,mata1289,Nivaclé,-22.8557,-61.7606
nom,book1242,Nocamán,-8.91666,-73.1667
not,araw1281,Nomatsiguenga,-11.5349,-74.4371
nol,wint1258,Nomlaki,,
noj,huit1251,Nonuya,-1.25,-72.5
nok,sali1255,Nooksack,48.2201,-121.973
noo,book1242,Nootka,49.6212,-126.086
cya,otom1299,Nopala Chatino,16.0954,-97.1339
twf,kiow1265,Taos Northern Tiwa,36.4277,-105.604
crl,algi1248,Northern East Cree,55.1928,-77.7505
hdn,haid1248,Northern Haida,54.004532,-132.079257
neq,mixe1284,North Central Mixe,17.17947,-95.70318
ttm,atha1245,Northern Tutchone,62.8235,-136.644
scs,atha1245,North Slavey,63.5,-125.67
esi,eski1264,North Alaskan Inupiatun,69.582,-143.77
esk,eski1264,Seward Alaska Inupiatun,64.77955,-161.80666
mjd,maid1262,Northwest Maidu,39.6721,-121.368
nmu,maid1262,Northeast Maidu,40.4102,-120.645
pao,utoa1244,Northern Paiute,40.0799,-119.536
thh,utoa1244,Northern Tarahumara,28.46463,-107.79791
ncj,utoa1244,Northern Puebla Nahuatl,20.1356,-97.9814
nhy,utoa1244,Northern Oaxaca Nahuatl,18.1884,-96.9748
ntp,utoa1244,Northern Tepehuan,26.4348,-107.379
ojb,algi1248,Northwestern Ojibwa,51.6192,-87.7862
pej,pomo1273,Northern Pomo,39.1084,-123.209
pef,pomo1273,Northeastern Russian River Pomo,39.2894,-122.509
nsq,miwo1274,Northern Sierra Miwok,38.4179,-120.588
cst,miwo1274,San Francisco Bay Ohlone,37.436487,-121.827674
enl,leng1261,Enlhet Norte,-22.54,-58.98
emp,choc1280,Northern Emberá,7.12761,-77.574
qvz,quec1387,Northern Pastaza Quichua,-1.88573,-76.0389
qul,quec1387,North Bolivian Quechua,-14.4014,-68.7894
qxn,quec1387,Northern Conchucos Ancash Quechua,-8.97356,-77.4146
qvn,quec1387,North Junín Quechua,-11.2132,-75.8128
pmq,otom1299,Northern Pame,22.0968,-99.6434
xtn,otom1299,Northern Tlaxiaco Mixtec,17.4806,-97.8349
mxa,otom1299,Northwest Oaxaca Mixtec,17.8287,-98.0574
ntw,iroq1247,Nottoway,36.72,-77.115
tsi,tsim1258,Southern-Coastal Tsimshian,52.59103,-128.544545
wnw,wint1258,Nuclear Wintu,41.0,-122.5
kav,book1242,Katukína,-8.19121,-70.3822
mbr,kaku1242,Nukak Makú,2.65939,-71.4629
nuc,pano1259,Nukuini,-7.339,-73.5044
hux,huit1251,Nüpode Huitoto,-2.34495,-70.9559
nuk,waka1280,Nuu-chah-nulth,49.67,-126.67
obi,chum1262,Obispeño,35.2873,-120.669
oca,huit1251,Ocaina,-2.159,-72.1422
mie,otom1299,Ocotepec Mixtec,17.144191,-97.763219
zac,otom1299,Ocotlán Zapotec,16.8258,-96.7263
opy,nucl1710,Ofayé,-22.278,-53.7227
ofo,siou1252,Ofo,33.45871,-90.76513
chj,otom1299,Ojitlán Chinantec,18.075,-96.3369
oka,sali1255,Okanagan,49.2745,-119.294
plo,mixe1284,Oluta Popoluca,17.8937,-94.8863
omg,tupi1275,Omagua,-3.526,-69.1667
oma,siou1252,Omaha-Ponca,42.0944,-96.5295
ome,book1242,Omejes,0.99999,-70.0
nht,utoa1244,Ometepec Nahuatl,16.7786,-98.427
ona,chon1288,Selk'nam,-54.0,-68.5
one,iroq1247,Oneida,43.438742,-75.708106
ono,iroq1247,Onondaga,42.92,-76.12
opt,utoa1244,Teguima,31.15211,-110.06212
ore,tuca1253,Maijiki,-2.86315,-72.4926
nlv,utoa1244,Orizaba Nahuatl,18.63995,-96.97648
orw,chap1271,Oro Win,-10.737,-64.0299
osa,siou1252,Osage,36.7828,-96.2949
otw,algi1248,Ottawa,44.5988,-83.226
otu,boro1281,Otuke,-15.2698,-59.6986
zao,otom1299,Ozolotepec Zapotec,16.04,-96.3686
chz,otom1299,Ozumacín Chinantec,17.6976,-96.2249
qvp,quec1387,Pacaraos Quechua,-11.14278,-76.73046
pcp,pano1259,Pacahuara,-11.9968,-65.5568
ems,eski1264,Pacific Gulf Yupik,60.4238,-148.043
ppi,coch1271,Paipai,31.6063,-115.871
pta,tupi1275,Pai Tavytera,-23.15945,-56.11758
cpa,otom1299,Palantla Chinantec,17.884,-96.3407
pln,indo1319,Palenquero,10.3881,-75.2949
plu,araw1281,Palikúr,3.63993,-51.6246
par,utoa1244,Panamint,36.0007,-117.901
qxh,quec1387,Panao Huánuco Quechua,-9.85887,-75.4382
kre,nucl1710,Panará,-10.58,-53.0
lsp,sign1238,Panamanian Sign Language,8.966667,-79.533333
pax,unat1236,Pankararé,-9.08332,-39.6667
knt,pano1259,Panoan Katukína,-7.97456,-71.56151
pno,pano1259,Panobo,-7.16666,-75.0
top,toto1251,Papantla Totonac,20.5671,-97.2554
ppv,unat1236,Papavô,-9.5,-72.0
pap,indo1319,Papiamento,12.48485,-69.93988
aap,cari1283,Pará Arára,-3.71263,-53.0657
gug,tupi1275,Paraguayan Guaraní,-25.60551,-57.08816
pak,tupi1275,Parakanã,-4.64681,-50.0621
paf,tupi1275,Paranawát,-9.34239,-59.053
gvp,nucl1710,Pará Gavião,-4.91161,-49.0217
pbg,araw1281,Paraujano,10.8427,-71.8399
pys,sign1238,Paraguayan Sign Language,-25.266667,-57.666667
pab,araw1281,Parecís,-14.5929,-57.4059
pth,nucl1710,Pataxó Hã-Ha-Hãe,-15.9167,-40.0333
pbc,cari1283,Patamona,4.75826,-59.5772
pwi,wint1258,Patwin,39.2143,-122.0094
pad,araw1282,Paumari,-5.78403,-64.2803
pnk,araw1281,Paunaka,-14.353747,-63.086994
psm,tupi1275,Warázu,-12.8553,-63.1903
paw,cadd1255,Pawnee,36.2862,-96.8937
pay,chib1249,Pech,15.8033,-85.558
pev,cari1283,Pémono,5.248,-66.082
aoc,cari1283,Pemon,4.97031,-61.4033
pdc,indo1319,Pennsylvania German,40.030507,-76.3211
mil,otom1299,Peñoles Mixtec,17.0671,-97.0101
ptw,sali1255,Pentlatch,49.1936,-124.689
xpq,algi1248,Pequot-Mohegan,41.55,-72.0
prl,sign1238,Peruvian Sign Language,-11.9008,-76.8213
zpe,otom1299,Petapa Zapotec,16.8023,-95.1118
wyn,iroq1247,Petun-Wyandot,,
pio,araw1281,Piapoco,4.37718,-68.5953
pid,sali1297,Piaroa,4.41805,-67.7574
cpu,araw1281,Pichis Ashéninka,-10.47249,-74.60281
dep,pidg1258,Pidgin Delaware,38.569,-75.463
pij,uncl1493,Pijao,0.49999,-75.3333
plg,guai1249,Pilagá,-25.0058,-60.1537
pia,utoa1244,Pima Bajo,28.654,-108.326
mio,otom1299,Pinotepa Nacional Mixtec,16.3043,-97.9966
ppl,utoa1244,Pipil,13.8931,-89.443
pir,tuca1253,Wa'ikhana,0.50714,-69.5032
pie,kiow1265,Piro,35.2291,-106.415
tpp,toto1251,Pisaflores Tepehua,20.7039,-98.0305
pig,unat1236,Pisabo,-6.32551,-73.3411
psy,algi1248,Piscataway,39.073,-76.803
psd,sign1238,Plains Indian Sign Language,38.3941,-99.2499
crk,algi1248,Plains Cree,51.2437,-110.463
pmw,miwo1274,Plains Miwok,38.39772,-121.653344
pdt,indo1319,Plautdietsch,49.578028,-109.353868
gob,guah1252,Playero,6.90948,-71.0036
xpo,utoa1244,Pochutec,15.735073,-96.468076
pok,tuca1253,Tiquié Pokangá,0.35794,-69.5607
pod,book1242,Ponares,4.83332,-71.5
jac,maya1287,Popti',15.6609,-91.6633
poc,maya1287,Poqomam,14.73252,-89.73796
poh,maya1287,Poqomchi',15.3586,-90.5813
pou,book1242,"Poqomam, Southern",,
pob,book1242,"Poqomchi', Western",15.36,-90.58
poa,book1242,"Poqomam, Eastern",,
pot,algi1248,Potawatomi,40.955,-89.1881
pog,tupi1275,Potiguára,-7.01666,-38.0
pim,algi1248,Powhatan,36.99422,-77.20752
pyn,pano1259,Poyanáwa,-7.46909,-73.0758
prz,sign1238,Providencia Sign Language,13.348416,-81.373888
pbm,otom1299,Puebla and Northeastern Mazatec,18.2806,-96.9894
psl,sign1238,Puerto Rican Sign Language,18.4592,-66.0919
qxp,quec1387,Puno Quechua,-14.608,-70.2084
tsz,tara1323,Purepecha,19.2467,-101.631
puy,chum1262,Purisimeño,34.6866,-120.431
prr,puri1261,Puri,-22.175627,-44.711336
pur,tupi1275,Puruborá,-11.4226,-62.4358
kjb,maya1287,Q'anjob'al,15.6846,-91.3043
alc,kawe1237,Qawasqar,-49.303195,-74.707536
qua,siou1252,Quapaw,34.15,-92.0
fcs,sign1238,Quebec Sign Language,45.99654,-74.87193
yum,coch1271,Quechan,32.7859,-114.599
otq,otom1299,Querétaro Otomi,20.1396,-100.115
pxm,book1242,Quetzaltepec Mixe,16.92147,-95.67269
zpj,otom1299,Quiavicuzas Zapotec,16.7565,-95.6761
qui,chim1311,Quileute,47.9106,-124.603
qun,sali1255,Quinault,47.4214,-124.16
chq,otom1299,Quiotepec Chinantec,17.5621,-96.602
ztq,otom1299,Quioquitani-Quieri Zapotec,16.3416,-96.1555
rma,chib1249,Rama,11.5007,-83.8571
zor,mixe1284,Northeast Chiapas Zoque,17.2953,-93.1006
rem,pano1259,Remo of the Moa river,-7.33333,-74.0833
rgr,araw1281,Resígaro,-1.169535,-71.60524
rey,pano1259,Reyesano,-14.8333,-67.0833
rkb,nucl1710,Rikbaktsa,-11.1887,-58.1942
zar,otom1299,Rincón Zapotec,17.4451,-96.3144
hrx,indo1319,Hunsrik,-29.3255,-51.7219
rmv,arti1236,Romanova,,
rna,unat1236,Runa,2.74999,-76.5
sae,namb1299,Sabanê,-12.9857,-60.335
quv,maya1287,Sacapulteco,15.274,-91.109
acf,indo1319,Saint Lucian Creole French,15.3947,-61.3641
skf,tupi1275,Mekens,-13.054,-62.0927
qxl,quec1387,Tungurahua Highland Quichua,-1.35447,-78.3953
mnd,tupi1275,Salamãi,-12.0499,-61.25
slc,sali1297,Sáliba,5.30115,-69.3843
slj,book1242,Salumá,1.74782,-56.5107
esn,sign1238,Salvadoran Sign Language,13.7024,-89.5988
sap,book1242,Sanapaná (Retired),-22.11454,-58.90698
ztm,otom1299,San Agustín Mixtepec Zapotec,16.2202,-96.3362
icr,indo1319,San Andres Creole English,12.55352,-81.70425
spn,leng1261,Sanapaná,-22.49,-58.38
zpx,otom1299,San Baltazar Loxicha Zapotec,16.0409,-96.762
cuk,chib1249,San Blas Kuna,9.15686,-78.3075
hve,huav1256,San Dionisio del Mar Huave,16.3514,-94.7001
hue,huav1256,San Francisco del Mar Huave,16.2836,-94.5738
mat,otom1299,San Francisco Matlatzinca,19.3584,-100.058
pow,otom1299,San Felipe Otlaltepec Popoloca,18.3594,-97.7432
xso,uncl1493,San Francisco Solano,,
mjc,otom1299,San Juan Colorado Mixtec,16.46073,-97.95446
xtj,otom1299,Teita-Tataltepec Mixtec,17.1542,-97.3899
zab,otom1299,Western Tlacolula Valley Zapotec,17.0332,-96.5967
poe,otom1299,San Juan Atzingo Popoloca,18.22245,-97.37923
maa,otom1299,San Jerónimo Tecóatl Mazatec,18.1999,-96.8833
pps,otom1299,San Luís Temalacayuca Popoloca,18.6812,-97.5459
huv,huav1256,San Mateo del Mar Huave,16.2129,-95.0077
qvs,quec1387,San Martín Quechua,-6.9582,-76.6608
xtp,otom1299,San Miguel Piedras Mixtec,16.9944,-97.2056
mig,otom1299,San Miguel El Grande Mixtec,17.046881,-97.622482
trq,otom1299,San Martín Itunyoso Triqui,17.2428,-97.9202
pls,otom1299,San Marcos Tlalcoyalco Popoloca,18.74,-97.5936
scf,indo1319,San Miguel Creole French,8.32601,-81.2564
azg,otom1299,San Pedro Amuzgos Amuzgo,16.5198,-98.0464
zpf,otom1299,San Pedro Quiatoni Zapotec,16.7608,-96.0899
hvv,huav1256,Santa María del Mar Huave,16.2167,-94.8159
nhz,utoa1244,Santa María La Alta Nahuatl,18.6286,-97.7009
cok,utoa1244,Santa Teresa Cora,22.7102,-104.7
qus,quec1387,Santiago del Estero Quichua,-27.821,-63.2466
qxt,quec1387,Santa Ana de Tusi Pasco Quechua,-10.3302,-76.2753
mza,otom1299,Santa María Zacatepec Mixtec,16.7003,-97.9484
mdv,otom1299,Santa Lucía Monteverde Mixtec,16.9969,-97.6277
zpn,otom1299,Santa Inés Yatzechi Zapotec,16.8842,-96.7527
ztn,otom1299,Santa Catarina Albarradas Zapotec,17.0446,-96.3512
zas,otom1299,Santo Domingo Albarradas Zapotec,17.0345,-96.281
zpi,otom1299,Santa María Quiegolani Zapotec,16.033,-96.0486
zpr,otom1299,Santiago Xanica Zapotec,15.8836,-96.2186
pca,otom1299,Santa Inés Ahuatempan Popoloca,18.38647,-97.85991
xsu,yano1268,Sanumá,4.5,-64.5
zpt,otom1299,San Vicente Coatlán Zapotec,16.2817,-96.8667
zkp,nucl1710,São Paulo Kaingáng,-21.771882,-50.429849
sar,araw1281,Saraveca,-16.07,-57.8
srm,indo1319,Saramaccan,4.54729,-54.0238
srs,atha1245,Sarsi,50.8822,-114.301
mav,tupi1275,Sateré-Mawé,-3.63897,-56.8749
pos,mixe1284,Sayula Popoluca,17.8606,-94.9531
sec,sali1255,Sechelt,49.4757,-123.765
sey,tuca1253,Secoya,-0.459785,-75.5547
sek,atha1245,Sekani,57.4421,-125.664
see,iroq1247,Seneca,42.56,-77.53
sni,pano1259,Sensi,-7.24999,-74.9166
ser,utoa1244,Serrano,33.9479,-116.772
ojs,algi1248,Severn Ojibwa,53.9092,-89.9331
swo,pano1259,Shanenawa,-8.00919,-73.3264
mcd,pano1259,Sharanahua,-9.8626,-71.1232
sht,shas1238,Shasta,41.7587,-122.738
sjw,algi1248,Shawnee,40.0,-83.0
snh,unat1236,Shinabo,-14.3798,-62.3404
shp,pano1259,Shipibo-Conibo,-7.17105,-74.8219
shh,utoa1244,Shoshoni,41.0,-116.0
jiv,jiva1245,Shuar,-3.45136,-78.1892
shs,sali1255,Shuswap,50.8734,-119.667
nsu,utoa1244,Sierra Negra Nahuatl,18.45,-96.9
zaa,otom1299,Sierra de Juárez Zapotec,17.4219,-96.6191
qws,quec1387,Sihuas Ancash Quechua,-8.49346,-77.5319
sik,book1242,Sikiana,3.01294,-57.9221
bla,algi1248,Siksika,49.0669,-113.109
mks,otom1299,Silacayoapan Mixtec,17.5541,-98.1163
xts,otom1299,Sindihui Mixtec,17.02,-97.3036
xti,otom1299,Sinicahua Mixtec,17.2218,-97.5904
snn,tuca1253,Siona-Tetete,0.31733,-76.0237
qum,maya1287,Sipacapense,15.23054,-91.7041
srq,tupi1275,Sirionó,-15.5298,-63.9688
sri,tuca1253,Siriano,0.436515,-70.184
lsv,sign1238,Sivia Sign Language,-12.51094,-73.86124
ska,sali1255,Skagit,48.5314,-121.991
skw,indo1319,Skepi Creole Dutch,6.05191,-58.5626
sno,sali1255,Snohomish,47.9341,-122.138
cso,otom1299,Sochiapam Chinantec,17.7985,-96.6079
hax,haid1248,Southern Haida,53.2616,-132.008
tce,atha1245,Southern Tutchone,60.7823,-136.573
caf,atha1245,Southern Carrier,53.1763,-124.452
xsl,atha1245,South Slavey,59.8794,-117.047
tix,kiow1265,Southern Tiwa,34.7873,-106.661
slh,sali1255,Southern Puget Sound Salish,47.263,-122.141
twr,utoa1244,Southwestern Tarahumara,27.0314,-107.578
tcu,utoa1244,Southeastern Tarahumara,26.7282,-106.706
npl,utoa1244,Southeastern Puebla Nahuatl,18.39688,-97.12655
stp,utoa1244,Southeastern Tepehuan,23.1584,-103.983
tla,utoa1244,Southwestern Tepehuan,23.2553,-104.688
crj,algi1248,Southern East Cree,51.4078,-78.6971
pom,pomo1273,Southeastern Pomo,38.9354,-122.599
peq,pomo1273,Southern Pomo,38.7643,-122.545
skd,miwo1274,Southern Sierra Miwok,38.2363,-120.507
enx,leng1261,Enxet Sur,-23.427556,-57.945626
qup,quec1387,Southern Pastaza Quechua,-3.32733,-76.527
quh,quec1387,South Bolivian Quechua,-20.9201,-66.3331
qxo,quec1387,Southern Conchucos Ancash Quechua,-9.30995,-76.9854
nab,namb1299,Southern Nambikuára,-14.3707,-59.5187
ayc,ayma1253,Southern Aymara,-17.1417,-70.3442
pmz,otom1299,Southern Pame,20.966,-99.334
meh,otom1299,Southwestern Tlaxiaco Mixtec,16.9887,-97.7974
mit,otom1299,Southern Puebla Mixtec,18.2123,-97.9572
mxy,otom1299,Southeastern Nochixtlán Mixtec,17.21219,-97.01454
zsr,otom1299,Southern Rincon Zapotec,17.3031,-96.3775
zpd,otom1299,Southeastern Ixtlán Zapotec,17.2588,-96.6199
cpy,araw1281,South Ucayali Ashéninka,-10.37875,-74.060306
vmq,otom1299,Soyaltepec Mixtec,17.5892,-97.19211
vmp,otom1299,Soyaltepec Mazatec,18.2868,-96.4946
spo,sali1255,Spokane,47.9087,-118.062
squ,sali1255,Squamish,49.3231,-123.014
srn,indo1319,Sranan Tongo,5.83,-55.33
sto,siou1252,Stoney,51.1939,-114.984
str,sali1255,Northern Straits Salish,48.51614,-123.757114
sut,otom1299,Subtiaba,12.4667,-86.9166
mdz,tupi1275,Suruí Do Pará,-5.9271,-48.588
sru,tupi1275,Suruí,-11.0989,-61.2818
swx,araw1282,Suruahá,-6.82525,-66.3146
sqn,iroq1247,Susquehannock,41.169,-76.208
suy,nucl1710,Suyá,-11.5178,-53.0743
csw,algi1248,Swampy Cree,56.0,-95.0
zoq,mixe1284,Tabasco Zoque,18.1713,-93.0968
nhc,utoa1244,Tabasco Nahuatl,17.9371,-93.5688
chf,maya1287,Tabasco Chontal,18.1713,-92.7367
zat,otom1299,Tabaa Zapotec,17.2822,-96.2777
tna,pano1259,Tacana,-13.39249,-68.04056
xtt,otom1299,Tacahua-Yolotepec Mixtec,16.9648,-97.4537
mtz,book1242,Tacanec,,
tgx,atha1245,Tagish,60.242,-134.799
tht,atha1245,Tahltan,58.4498,-130.052
tnq,araw1281,Taino,18.2836,-66.8042
tzl,arti1236,Talossan,,
tmz,cari1283,Tamanaku,2.765,-65.883
vmx,otom1299,Tamazola Mixtec,17.1258,-97.0998
ten,tuca1253,Tama (Colombia),1.03332,-75.25
tfn,atha1245,Dena'ina,60.4712,-150.759
tcb,atha1245,Tanacross,63.4046,-143.338
tnc,tuca1253,Tanimuca-Retuarã,-0.59023,-70.3853
qcs,mixe1284,Tapachultec,14.9,-92.28
tbb,book1242,Tapeba,-4.99999,-40.3333
tpj,tupi1275,Tapieté,-21.4169,-62.684
taf,tupi1275,Tapirapé,-10.5373,-50.5438
tae,araw1281,Tariana,0.440205,-68.9042
cta,otom1299,Tataltepec Chatino,16.2963,-97.5311
tav,tuca1253,Tatuyo,0.55582,-70.5327
xtw,namb1299,Tawandê,-11.784632,-60.535032
tcw,toto1251,Tecpatlán Totonac,20.2394,-97.8675
teh,chon1288,Tehuelche,-47.5796,-68.3235
ztt,otom1299,Tejalapan Zapotec,17.0944,-96.8876
ttc,maya1287,Tektiteko,15.4599,-92.1136
nhv,utoa1244,Temascaltepec Nahuatl,19.3282,-99.7968
tqb,tupi1275,Tenetehara,-2.6123,-48.2359
ott,otom1299,Temoaya Otomi,19.6001,-99.6541
quw,quec1387,Tena Lowland Quichua,-0.76271,-77.5404
otn,otom1299,Tenango Otomi,20.4262,-98.1751
pah,tupi1275,Tenharim-Parintintin-Diahoi,-7.92626,-61.936
tqn,saha1239,Tenino,44.7985,-121.44
tep,utoa1244,Tepecano,22.03529,-103.7367
cnt,otom1299,Tepetotutla Chinantec,17.7115,-96.5404
cux,otom1299,Tepeuxila Cuicatec,17.756,-96.788
cte,otom1299,Tepinapa Chinantec,17.6651,-96.1433
ter,araw1281,Terena-Kinikinao-Chane,-20.6614,-56.0329
tfr,chib1249,Teribe,9.067,-82.9631
nhg,utoa1244,Tetelcingo Nahuatl,18.8854,-98.893
teb,book1242,Tetete,-0.02668,-76.5761
cut,otom1299,Teutila Cuicatec,17.9029,-96.6645
tew,kiow1265,Rio Grande Tewa,35.9053,-106.124
otx,otom1299,Texcatepec Otomi,20.7342,-98.2663
poq,mixe1284,Texistepec Popoluca,17.8926,-94.8076
zpz,otom1299,Texmelucan Zapotec,16.49197,-97.08947
mxb,otom1299,Tezoatlán Mixtec,17.6155,-97.9002
thp,sali1255,Thompson,50.1668,-120.193
tca,ticu1244,Ticuna,-3.66289,-69.8723
mtx,otom1299,Tidaá Mixtec,17.4142,-97.3333
xtl,otom1299,Tijaltepec Mixtec,17.1539,-97.4578
otl,otom1299,Tilapa Otomi,19.4403,-99.5074
til,sali1255,Tillamook,45.5,-123.83
zts,otom1299,Tilquiapan Zapotec,16.8529,-96.6321
tgv,book1242,Tingui-Boto,-11.5816,-37.538
tpt,toto1251,Tlachichilco Tepehua,20.704,-98.1947
tpl,otom1299,Tlacoapa Me'phaa,17.3262,-98.8013
ctl,otom1299,Tlacoatzintepec Chinantec,17.8646,-96.5176
zpk,otom1299,Tlacolulita Zapotec,16.2971,-95.7414
mxp,mixe1284,Tlahuitoltepec Mixe,16.9634,-96.1186
nuz,utoa1244,Tlamacazapa Nahuatl,18.6239,-99.3992
mqh,otom1299,Tlazoyaltepec Mixtec,17.02704,-96.97827
tli,atha1245,Tlingit,59.4447,-135.29
tmf,leng1261,Toba-Enenlhet,-21.5474,-58.0158
tob,guai1249,Toba,-23.77,-61.96
tgh,indo1319,Tobagonian Creole English,11.2388,-60.6791
asu,tupi1275,Tocantins Asurini,-3.59359,-49.8991
ood,utoa1244,Tohono O'odham,31.7973,-111.995
toj,maya1287,Tojolabal,16.2572,-91.7825
tok,arti1236,Toki Pona,,
jic,jica1245,Tol,14.6686,-87.0372
tol,atha1245,Tolowa-Chetco,41.9192,-124.1
toe,book1242,Tomedes,3.24999,-69.6666
xgf,utoa1244,Tongva,34.1,-118.11
trz,chap1271,Torá,-6.19532,-61.7416
tno,pano1259,Toromono,-13.3028,-67.3931
mto,mixe1284,Totontepec Mixe,17.2157,-96.0179
ttk,barb1265,Totoro,2.55149,-76.6379
zph,otom1299,Totomachapan Zapotec,16.8554,-97.0824
tme,unat1236,Tremembé,-3.09359,-40.204
trn,araw1281,Trinitario-Javeriano-Loretano,-15.3331,-65.4096
trf,indo1319,Trinidadian Creole English,10.4208,-61.4171
lst,sign1238,Modern Trinidad and Tobago Sign Language,10.666667,-61.516667
tri,cari1283,Trió,2.53616,-55.7599
tka,unat1236,Truká,-8.49999,-39.0
txc,atha1245,Tsetsaut,55.5,-130.08
nrt,kala1402,Tualatin-Yamhill,45.327,-122.955
tub,utoa1244,Tübatulabal,35.327,-117.163
tbu,utoa1244,Tubar,27.00003,-107.98934
tuo,tuca1253,Tucano,0.579755,-69.5763
tkf,unat1236,Tukumanféd,-11.518,-61.42
tpr,tupi1275,Tuparí,-11.8884,-62.2544
tpk,tupi1275,Tupinikin,-19.0,-40.4167
tpn,tupi1275,Tupinambá,-22.807778,-42.106389
tpw,tupi1275,Lingua Geral Paulista,-23.95,-46.38
twt,tupi1275,Turiwára,-2.0,-49.5
tch,indo1319,Turks And Caicos Creole English,21.8078,-71.7451
tus,iroq1247,Tuscarora,35.75362,-77.60117
tta,siou1252,Tutelo,37.67,-78.75
tuu,atha1245,Tututni,42.5563,-124.293
mtu,otom1299,Tututepec Mixtec,16.11351,-97.55969
tux,pano1259,Tuxináwa,-9.74999,-69.0167
tue,tuca1253,Tuyuca,0.39441,-70.043515
twa,sali1255,Twana,47.48952,-123.21227
tzh,maya1287,Tzeltal,16.6384,-92.2786
tzb,book1242,"Tzeltal, Bachajón",16.64,-92.28
tzo,maya1287,Tzotzil,16.6362,-92.7388
tzs,book1242,"Tzotzil, San Andrés Larrainzar",16.64,-92.74
tzu,book1242,"Tzotzil, Huixtán",16.64,-92.74
tzc,book1242,"Tzotzil, Chamula",16.64,-92.74
tze,book1242,"Tzotzil, Chenalhó",16.64,-92.74
tzz,book1242,"Tzotzil, Zinacantán",16.64,-92.74
tzj,maya1287,Tz'utujil,14.6351,-91.2012
tzt,book1242,"Tz'utujil, Western",,
uam,uncl1493,Uamué,-8.49999,-38.75
cpb,araw1281,Ucayali-Yurúa Ashéninka,-9.49424,-73.1836
ulw,misu1242,Ulwa,12.932292,-83.581467
uma,saha1239,Umatilla,45.6391,-118.552
umo,boro1281,Umotína,-15.5929,-57.4192
unm,algi1248,Unami,40.4,-74.3
tku,toto1251,Upper Necaxa Totonac,20.236,-97.81
xup,atha1245,Upper Umpqua,43.22,-123.36
tau,atha1245,Upper Tanana,62.6867,-141.37
kuu,atha1245,Upper Kuskokwim,62.2976,-155.951
cjh,sali1255,Upper Chehalis,46.7981,-123.169
uks,sign1238,Urubú-Kaapor Sign Language,-2.54091,-46.4213
urb,tupi1275,Urubú-Kaapor,-2.46455,-46.2204
urz,tupi1275,Uru-Eu-Wau-Wau,-10.9176,-63.8086
ugy,sign1238,Uruguayan Sign Language,-34.5967,-56.4509
uru,tupi1275,Urumi,-9.08,-63.848
urp,uncl1493,Uru-Pa-In,-11.2946,-62.7226
ure,uruc1242,Uru,-16.72547,-68.97119
cuc,otom1299,Usila Chinantec,17.9184,-96.4074
usp,maya1287,Uspanteco,15.3648,-90.8893
ute,utoa1244,Ute-Southern Paiute,40.0965,-110.305
vmv,maid1262,Valley Maidu,39.8078,-121.191
cvn,otom1299,Valle Nacional Chinantec,17.7964,-96.3187
vsl,sign1238,Venezuelan Sign Language,10.3294,-66.7678
veo,chum1262,Ventureño,34.1761,-119.035
svc,indo1319,Vincentian Creole English,13.2436,-61.1963
vic,indo1319,Virgin Islands Creole English,18.04715,-63.07851
wlk,atha1245,Eel River Athabaskan,39.1513,-123.284
atr,cari1283,Waimiri-Atroari,-0.61832,-60.4259
bao,tuca1253,Waimaha,0.30416,-70.1644
waw,cari1283,Waiwai,1.50881,-59.1417
waf,unat1236,Wakoná,-9.91666,-36.5
waa,saha1239,Northeast Sahaptin,45.7206,-118.424
wam,algi1248,Wampanoag,41.705,-73.3148
qyp,algi1248,Wampano,41.2021,-73.3798
wap,araw1281,Wapishana,2.58744,-59.8021
wao,yuki1242,Wappo,38.25,-122.5
pav,chap1271,Wari',-10.69948,-64.56152
wac,chin1490,Upper Chinook,45.0278,-121.509
wsu,unat1236,Wasu,-9.74999,-36.8333
wau,araw1281,Waurá,-13.296,-53.6971
way,cari1283,Wayana,2.77537,-54.4429
oym,tupi1275,Wayampi,1.73817,-52.6887
wyr,tupi1275,Wayoró,-12.6945,-61.3064
guc,araw1281,Wayuu,11.395566,-72.199791
wdt,iroq1247,Wendat,,
ojw,algi1248,Western Ojibwa,50.5664,-102.525
tqt,toto1251,Ozumatlán Totonac,20.4574,-97.9486
apw,atha1245,Western Apache,33.8574,-110.123
ikt,eski1264,Western Canadian Inuktitut,64.3486,-96.148
nhw,utoa1244,Western Huasteca Nahuatl,21.3711,-98.7711
abe,algi1248,Western Abenaki,46.1381,-72.6511
pua,tara1323,Western Highland Purepecha,19.5392,-102.154
kjq,kere1287,Western Keres,34.9733,-107.517
knj,maya1287,Akateko,15.5932,-91.8421
gnw,tupi1275,Western Bolivian Guaraní,-20.2819,-64.1662
jmx,otom1299,Western Juxtlahuaca Mixtec,17.3003,-98.2096
ctp,otom1299,Western Highland Chatino,16.2495,-97.3244
tnb,chib1249,Western Tunebo,6.90704,-72.6507
azn,utoa1244,Western Durango Nahuatl,22.6,-104.9
wic,cadd1255,Wichita,35.0665,-98.1831
mtp,mata1289,Weenhayek,-21.988,-63.5971
wlv,mata1289,Vejoz,-24.2189,-61.9117
mzh,mata1289,Güisnay,-23.1633,-62.1757
wit,wint1258,Wintu,39.7176,-122.445
wir,tupi1275,Wiraféd,-9.30537,-59.4769
wiy,algi1248,Wiyot,39.2492,-122.952
xwc,siou1252,Woccon,35.379075,-77.985987
cwd,algi1248,Woods Cree,57.0,-99.0
noa,choc1280,Woun Meu,8.5,-78.0
wya,iroq1247,Huron-Wyandot,44.33,-77.5
zax,otom1299,Xadani Zapotec,15.8822,-96.0318
xkr,nucl1710,Xakriabá,-19.0,-47.0
ztg,otom1299,Xanaguía Zapotec,15.9748,-96.1927
xav,nucl1710,Xavánte,-14.3017,-52.4367
xer,nucl1710,Xerénte,-9.59426,-48.2629
xet,tupi1275,Xetá,-24.9408,-52.2266
too,toto1251,Xicotepec De Juárez Totonac,20.6532,-97.7463
asn,tupi1275,Xingú Asuriní,-4.13463,-52.321
xiy,tupi1275,Xipaya,-4.133,-49.948
xip,unat1236,Xipináwa,-8.22,-72.39
xir,araw1281,Xiriâna,0.83868,-63.452927
xok,nucl1710,Xokleng,-26.9217,-49.5886
yar,cari1283,Yabarana,5.32692,-66.276
ybn,araw1281,Yabaâna-Mainatari,0.58332,-65.5
yad,peba1241,Yagua,-3.42913,-72.2186
ynu,tuca1253,Yahuna,-0.505365,-70.478211
yak,saha1239,Northwest Sahaptin,46.2655,-120.756
xyl,unat1236,Yalakalore,-13.2396,-59.9925
zpu,otom1299,Yalálag Zapotec,17.2134,-96.2183
yme,peba1241,Yameo,-4.16666,-73.6667
yaa,pano1259,Yaminahua,-9.8846,-71.5964
qur,quec1387,Chaupihuaranga Quechua,-10.4929,-76.5314
ame,araw1281,Yanesha',-10.5454,-75.315
guu,yano1268,Yanomamö,1.67967,-64.8781
wca,yano1268,Yanomám,2.48999,-62.8522
yaq,utoa1244,Yaqui,29.9446,-110.681
zae,otom1299,Yareni Zapotec,17.3406,-96.7052
yri,book1242,Yarí,1.43017,-74.3715
yro,yano1268,Yaroame,1.720201,-62.230225
zty,otom1299,Yatee Zapotec,17.2888,-96.198
zav,otom1299,Yatzachi Zapotec,17.1869,-96.284
zpb,otom1299,Yautepec Zapotec,16.44147,-95.92825
qux,quec1387,Yauyos Quechua,-12.62,-75.7
yvt,araw1281,Yavitero-Pareni,2.924844,-67.438886
ywn,pano1259,Yawanawa,-8.87563,-71.8199
yaw,araw1281,Yawalapití,-12.5104,-53.4236
tlc,toto1251,Yecuatla Totonac,20.1765,-96.8741
pib,araw1281,Yine,-11.1086,-73.3087
yok,yoku1255,Northern Yokuts,36.3167,-119.721
xty,otom1299,Yoloxochitl Mixtec,16.8059,-98.6293
sxk,kala1402,Yoncalla,43.568,-123.466
mts,pano1259,Yora,-11.3704,-72.0409
mpm,otom1299,Yosondúa Mixtec,16.874,-97.579
msd,sign1238,Yucatec Maya Sign Language,20.5,-89.0
yua,maya1287,Yucatec Maya,18.7757,-88.9567
mvg,otom1299,Yucuañe Mixtec,17.2832,-97.4285
ycn,araw1281,Yucuna,-0.76075,-71.0033
yab,nada1235,Yuhup,0.2485,-69.8079
yuk,yuki1242,Northern Yukian,39.8389,-123.296
yup,cari1283,Yukpa,9.67534,-73.0557
yuq,tupi1275,Yuqui,-16.7875,-64.9438
yur,algi1248,Yurok,41.3262,-123.824
yui,tuca1253,Yurutí,0.735585,-69.6955
mab,otom1299,Yutanduchi Mixtec,17.0311,-97.2293
ztx,otom1299,Zaachila Zapotec,17.00245,-96.82337
nhi,utoa1244,Zacatlán-Ahuacatlán-Tepetzintla Nahuatl,20.0581,-97.8974
ctz,otom1299,Zacatepec Chatino,16.08,-97.3069
zpw,otom1299,Zaniza Zapotec,16.6804,-97.2876
zro,zapa1251,Záparo,-1.99871,-76.364
czn,otom1299,Zenzontepec Chatino,16.52799,-97.45546
pto,tupi1275,Zo'é,-1.77208,-55.50746
zpq,otom1299,Zoogocho Zapotec,17.2016,-96.3433
